geo_id,geo_name,geo_abbrv,geo_pop,geo_acres,geo_dens,q01raw,q01norm,q02raw,q02norm,q03raw,q03norm,q04raw,q04norm,q05raw,q05norm,q06raw,q06norm,q07raw,q07norm,q08raw,q08norm,q09raw,q09norm,q10raw,q10norm,q11raw,q11norm,q12raw,q12norm,q13raw,q13norm,q14raw,q14norm,q15raw,q15norm,q16raw,q16norm,q17raw,q17norm,q18raw,q18norm,q19raw,q19norm,q20raw,q20norm,q21raw,q21norm,q22raw,q22norm,q23raw,q23norm,q24raw,q24norm,q25raw,q25norm,q26raw,q26norm,q27raw,q27norm,q28raw,q28norm,q29raw,q29norm,q30raw,q30norm,q31raw,q31norm,q32raw,q32norm,q33raw,q33norm,q34raw,q34norm,q35raw,q35norm,q36raw,q36norm,q37raw,q37norm,q38raw,q38norm,q39raw,q39norm,q40raw,q40norm,q41raw,q41norm,q42raw,q42norm,q43raw,q43norm,q44raw,q44norm,q45raw,q45norm,q46raw,q46norm
USA-3541,Alabama,AL,4903185,32413011,0.151272123,500,20,171611,3.5,79,2.3752255,4903185,96.81415898,48868,80.80828124,63,1.284879114,40900,8.34151679,1860269,2.635739777,137630,36.7844171,1093410,22.3,828638,16.9,1696502,34.6,1227,1.473732254,16.77405395,3421.052632,58.3,158,2275.4,1.937871271,39700,0.008096778,8500000,26.22403701,22747,0.075794774,0,0,317,0.027012587,148,0.067907041,39700,1.964471275,260.4125,4.167266763,24.7,1.009523031,1220893,24.9,16129,0.159539848,1200,7.44001488,3113522,63.5,1107,22158,49363,0.010067538,62984,2.9,1775,3.385611676,3605,25.18143495,1800,-0.2,220000,122.2222222,1050,0.7504,tornados,15.89695631,0.57,2,7,0.142764346,4533,8.950479793,2902,5.730044642,43511,81.85683379,51,-9.5,74.3,9.9,101097,2.427095545
USA-3520,Arizona,AZ,7278717,72700211,0.100119613,4100,164,975348,13.4,63,1.8941672,7278717,64.07655241,47403,78.38575255,25,0.343467125,55000,7.556276745,2524300,2.883459573,182425,36.4904006,1666826,22.9,1273775,17.5,3319095,45.6,621,0.74587427,13.3443145,1833.333333,13.6,37,0,0,19200,0.002637828,26200000,36.03840985,2947211,9.820336364,1514753,7.753313918,473706,40.36600777,1520,0.697423662,19200,0.95007175,107.155,1.714754361,25.3,1.034045858,2103549,28.9,8289,0.124537997,205,2.473157196,3239029,44.5,1869,384942,51538,0.007080643,184894,6.5,396,0.34759098,3597.4,24.91752957,1821,1,299900,164.6897309,1500,1.0086,volcanos,5.95534503,4.76,18,13,0.178602905,4759,4.1894789,3512,3.091710422,49928,93.92907535,51.3,-9.8,80.6,16.2,66558,1.597897319
USA-3528,Arkansas,AR,3017825,33302707,0.090618009,650,26,144856,4.8,70,2.1046302,3017825,57.99552571,48616,80.39157324,24,0.795274743,24000,7.952747426,1152175,2.619241869,75962,32.7480287,703153,23.3,513030,17,838955,27.8,995,1.195080353,9.318196491,3087.719298,50.6,137,3573.7,3.043583793,42500,0.01408299,13900000,41.73834878,104982,0.349808192,5554,0.028428335,0,0,77,0.035330014,42500,2.103023405,114.34125,1.82975276,21.7,0.886908898,682028,22.6,12864,0.125376451,765,5.946828358,1599447,53,660,8602,57541,0.019067043,38173,2.9,1143,2.149494499,3818.1,32.58120299,1792,-0.6,176000,98.21428571,1010,0.771,tornados,24.86975315,4.04,15,6,0.198818686,3415,6.562829862,2202,4.231728069,41264,77.62957389,48.7,-7.2,71.4,7,102603,2.463250978
USA-3521,California,CA,39512223,99698701,0.396316327,2900,116,10628788,26.9,250,7.5165364,39512223,253.6424494,78711,130.1567616,225,0.569444043,202700,5.130058109,12965435,3.047504615,1320085,37.2017465,8969275,22.7,5650248,14.3,24971725,63.20000001,2536,3.045953542,69.31968947,1754.385965,22.2,60,3899.7,3.321225541,69400,0.001756419,24300000,24.37343692,8210924,27.35943763,6242123,31.95051545,69386,5.91260363,1395,0.640069742,69400,3.434113514,79.2725,1.26856297,29.3,1.197531369,13157570,33.3,25657,0.145601371,1603,6.247807616,16200011,41,8194,259148,125006,0.00316373,300962,2.2,7916,4.835537162,2837.2,-1.479953608,1625,-9.9,533500,328.3076923,2780,2.0301,earthquakes,60.51579635,3.76,14,40,0.101234496,6717,4.311871626,5418,3.477999177,61489,115.6786756,49,-7.5,73.4,8.9,176214,4.230473845
USA-3522,Colorado,CO,5758736,66330810,0.086818418,6800,272,564356,9.8,80,2.4052916,5758736,55.56378763,46506,76.90247048,34,0.590407339,32100,5.574139881,2113387,2.724884747,194508,35.5361815,1278439,22.2,817741,14.2,1848554,32.1,3222,3.869898388,13.18447453,2289.473684,15.9,43,1494.4,1.272723402,38900,0.006754955,31800000,47.9415222,738668,2.461299249,456414,2.336170332,183595,15.64471887,13382,6.140081213,38900,1.924884952,41.885,0.670267243,25.5,1.042220133,2309253,40.1,8717,0.09814452,488,5.598256281,2303494,40,857,40392,88411,0.015352501,101793,4.6,452,0.43401294,2839.2,-1.410504823,2126,17.9,428400,201.505174,2000,1.5672,earthquakes,10.5057253,67.3,252,11,0.191014139,3597,3.470604384,2550,2.460395101,59448,111.8389615,31.7,9.9,60.8,-3.6,88818,2.132306321
USA-3537,Connecticut,CT,3565287,3099110,1.150422863,500,20,509836,14.3,30,0.9019844,3565287,736.2706325,72561,119.9871019,29,0.813398753,15000,4.207234929,1367374,2.607397098,106678,32.6538983,734449,20.6,613229,17.2,1194371,33.5,205,0.246222585,6.348712816,1780.701754,50.3,137,668,0.568910086,5500,0.001542653,380000,12.26158478,7781,0.025926897,0,0,0,0,74,0.03395352,5500,0.27215597,0.03,0.000480077,26.3,1.074917235,1386897,38.9,4238,0.196713702,332,7.833883908,1336983,37.5,88,72,3001,0.000841727,29758,2,701,12.64670689,2157.3,-25.08906807,1804,0.0003,309900,171.7849224,1800,1.4063,earthquakes,6.267935273,37.85,142,6,0.168289397,2497,51.56577211,1823,37.64693735,69899,131.5003292,38,3.6,59.3,-5.2,21544,0.517219566
USA-3555,Delaware,DE,973764,1247066,0.780843997,60,2.4,89586,9.2,21,0.6313891,973764,499.7401581,60214,99.57006317,9,0.924248586,6600,6.777822963,357765,2.721797828,23964,32.6404969,205464,21.1,182094,18.7,371004,38.1,3,0.003603257,2.408784632,2473.684211,45.7,124,0,0,2300,0.002361969,530000,42.49975543,904,0.003012198,0,0,0,0,904,0.414783546,2300,0.113810678,0.0275,0.00044007,25.8,1.054481547,305762,31.4,879,0.136236826,39,4.436860068,404112,41.5,0,0,1102,0.001131691,36124,8.9,540,21.70512811,3471.1,20.5318388,1800,-0.2,300000,166.6666667,1400,0.9549,earthquakes,8.253414424,16.94,63,2,0.205388575,2244,115.1631109,1598,82.01009409,60231,113.312012,44.2,-2.7,64.6,0.2,6452,0.154896985
USA-3542,Florida,FL,21477737,34319846,0.625810996,100,4,4402936,20.5,122,3.6680698,21477737,400.5190373,49407,81.69957337,129,0.600621937,149800,6.974664044,7621760,2.817949791,807817,38.4640511,4274070,19.9,4402936,20.5,9987148,46.5,554,0.665401523,37.86864155,1763.157895,54.5,148,2005.4,1.707922584,47500,0.002211592,9700000,28.26353009,2638605,8.79203716,1746611,8.940086849,319,0.027183013,0,0,47500,2.350437924,235.8625,3.774403905,27.4,1.119875751,6271499,29.2,12355,0.100571438,265,2.144880615,9772370,45.5,2121,122500,55114,0.002566099,656239,7.3,12133,18.45096766,3956,37.36969672,1694,-6.1,299000,176.5053129,1780,1.3435,tornados,6.730672492,0.01,0.04,51,0.237455184,4368,8.145491096,3038,5.665293486,47212,88.81949017,61.5,-20,82,17.6,122848,2.949284682
USA-3543,Georgia,GA,10617423,36808634,0.288449254,600,24,1072360,10.1,60,1.8039687,10617423,184.6075222,54602,90.290042,68,0.640456729,91400,8.60849191,3709488,2.862234087,376506,40.4904373,2526947,23.8,1475822,13.9,5053893,47.6,624,0.749477528,25.05339287,2359.649123,50.7,138,5046.8,4.298166798,41600,0.003918088,10100000,27.4392144,67524,0.224995222,0,0,5928,0.505143895,3963,1.818348666,41600,2.058488792,69.83125,1.117478797,28.4,1.160747129,3259549,30.7,14863,0.115796034,692,4.655856826,5627234,53,3158,12407,46211,0.004352374,81776,2,1912,3.216937035,3658.5,27.03918995,1963,8.8,260700,132.8069282,1430,0.8628,tornados,6.566552538,0.76,3,11,0.103603294,4436,7.712972994,2994,5.205735154,49342,92.82663907,50.7,-9.2,73.9,9.5,128355,3.081494492
USA-3518,Idaho,ID,1787147,52891597,0.033788864,5000,200,107229,6,40,1.2026458,1787147,21.62487323,47504,78.55276648,11,0.615506167,11300,6.322926989,618331,2.890275597,45121,30.7694931,455722,25.5,284156,15.9,327048,18.3,176,0.211391098,5.047906439,2824.561404,18.9,51,0,0,24800,0.013876866,11600000,21.93165013,806298,2.686647671,30551,0.156376316,57789,4.92438606,4611,2.115671385,24800,1.227176011,12.05625,0.192930869,20.7,0.84603752,480743,26.9,4492,0.085664702,393,8.74888691,759537,42.5,960,284026,64745,0.036228133,41403,6.2,926,1.107863622,2067,-28.22468071,1932,7.1,334900,173.3436853,1400,0.9823,volcanos,15.75149751,36.49,136,7,0.391685743,3205,3.878120753,2438,2.950033821,47334,89.04900762,33.3,8.2,59.3,-5.1,52437,1.25888611
USA-3546,Illinois,IL,12671821,35532115,0.35663008,600,24,1774055,14,60,1.8039687,12671821,228.2432509,61602,101.8652644,105,0.828610189,60800,4.798047573,4830038,2.623544784,417500,36.78359,2838488,22.4,1976804,15.6,4942010,39,2516,3.021931826,33.68036634,2657.894737,39.2,106,1907.8,1.624800392,72000,0.005681898,27000000,75.98759601,114,0.000379857,0,0,102,0.008691747,12,0.005505976,72000,3.562769063,42.125,0.674107857,29,1.185269955,4321091,34.1,26775,0.183470837,2303,8.60130719,5385524,42.5,2,41,40269,0.003177838,47670,0.9,2395,4.134818213,2445.9,-15.06760839,1632,-9.5,229900,140.870098,1570,1.2684,tornados,10.24325925,21.75,81,16,0.12626441,3258,5.868268748,2155,3.881558978,57166,107.5458565,41.2,0.3,61.5,-2.9,145936,3.50357197
USA-3547,Indiana,IN,6732219,22928710,0.293615254,700,28,350075,5.2,48,1.443175,6732219,187.9137623,50554,83.59625624,63,0.935798434,43200,6.41690355,2553818,2.63613891,162798,33.9828706,1575339,23.4,1063691,15.8,1420498,21.1,979,1.17586298,23.97614837,3561.403509,41.7,113,10048.1,8.557582984,56100,0.008333062,15000000,65.42016537,15575,0.051897112,15349,0.07856437,0,0,26,0.011929615,56100,2.775990895,292.88875,4.686969915,23.6,0.964564515,1743645,25.9,19291,0.19930778,1435,7.438701985,2995837,44.5,38,523,39981,0.005938755,44729,1.6,593,1.629454538,3014.7,4.68362606,1742,-3.4,186000,106.7738232,1000,0.8271,tornados,19.08764529,21.93,82,10,0.148539434,3098,8.647324686,2063,5.758370183,48737,91.68845828,41.7,-0.2,61.9,-2.5,96790,2.323694845
USA-3529,Iowa,IA,3155070,35748563,0.088257254,1100,44,164064,5.2,62,1.864101,3155070,56.48464247,55443,91.68072229,37,1.172715661,13400,4.247132393,1256855,2.510289572,82345,31.7785899,731976,23.2,539517,17.1,463795,14.7,835,1.002906628,13.72732211,4350.877193,34,92,17083.8,14.54961995,86000,0.027257715,30600000,85.59784627,2713,0.009039927,0,0,2526,0.215248563,187,0.085801464,86000,4.255529714,30.52375,0.488458153,19.1,0.780643315,889730,28.2,24215,0.211231976,5067,20.92504646,1356680,43,153,2020,68877,0.021830577,21383,1.6,416,0.738687125,2367.3,-17.79694564,1550,-14.1,175000,112.9032258,1050,0.984,tornados,11.71394501,31.27,117,4,0.126780071,2533,4.534783678,1583,2.834016013,52716,99.17411344,37.7,3.8,58.6,-5.9,114637,2.752158343
USA-3530,Kansas,KS,2913314,52325581,0.055676668,2000,80,206845,7.1,60,1.8039687,2913314,35.6330675,47984,79.34649601,34,1.1670558,17200,5.90392934,1124549,2.590651008,77194,32.282806,705022,24.2,463217,15.9,707935,24.3,815,0.978884912,9.429937421,3236.842105,28.9,78,416,0.354291311,58900,0.020217525,45800000,87.52888955,11628,0.038745401,0,0,0,0,745,0.341829361,58900,2.914543025,4.52875,0.072471595,19.3,0.788817591,958480,32.9,25001,0.175996452,2115,8.459661614,1310991,45,19,21167,77990,0.026770201,12332,1,520,0.631563388,3083.8,7.083081581,1782,-1.2,180000,101.010101,1050,0.8734,tornados,13.65049447,15.42,58,18,0.61785307,2778,3.397802692,1778,2.174691572,51872,97.5863042,42.7,-1.2,66.6,2.2,142054,3.410374497
USA-3548,Kentucky,KY,4467673,25271258,0.176788706,750,30,169772,3.8,74,2.2248948,4467673,113.1447718,52339,86.54793796,36,0.805788606,34700,7.766906844,1728681,2.584440391,106011,31.9747486,1009694,22.6,732698,16.4,701425,15.7,1213,1.456917053,14.57872242,3263.157895,48.9,133,1477.6,1.258415483,75100,0.016809646,12900000,51.04613312,97504,0.324890914,54012,0.276462229,380,0.032381019,8408,3.857854046,75100,3.716166065,1335.3775,21.36945911,23.3,0.952303102,1054371,23.6,14280,0.178379594,1110,7.773109244,2278513,51,755,11714,35264,0.007893147,38543,2,921,2.280401273,2458.5,-14.63008105,1750,-3,193500,110.5714286,1100,0.899,tornados,5.276795165,8.83,33,6,0.134298101,3258,8.250954503,2085,5.28030698,43342,81.53889568,44.3,-2.8,67,2.6,80054,1.921903783
USA-3535,Louisiana,LA,4648794,27650496,0.168126966,100,4,190601,4.1,75,2.2549609,4648794,107.6012582,50000,82.68016007,34,0.731372481,45400,9.765973713,1736021,2.677844335,151114,36.4753277,1092467,23.5,715914,15.4,1924601,41.4,2957,3.551610656,39.14773895,8421.052632,60.1,163,524.8,0.446952115,27400,0.005894002,8000000,28.93257322,27000,0.089966101,0,0,911,0.077629232,26086,11.96907477,27400,1.35583156,0,0,25.5,1.042220133,1101764,23.7,12910,0.210222924,1821,14.10534469,2649813,57,361,3059,58062,0.012489691,43230,2.2,9174,17.5153671,3973.5,37.97737359,1786,-1,212000,118.7010078,1200,0.8959,tornados,10.60928622,0.2,0.7,12,0.258131464,3495,8.089547471,2385,5.52033497,44991,84.64114382,56.1,-14.6,77.3,12.9,61411,1.474330242
USA-3561,Maine,ME,1344212,19739469,0.068097678,600,24,48392,3.6,55,1.653638,1344212,43.5825138,51077,84.46109072,15,1.115895409,4100,3.050114119,556955,2.413501988,42067,30.1404313,251368,18.7,276908,20.6,92751,6.9,153,0.183766125,3.466652,2578.947368,42.2,115,989,0.842293525,7600,0.00565387,1300000,6.585790124,182007,0.606461485,49077,0.251202267,87564,7.46160932,7,0.003211819,7600,0.376070068,1.9075,0.030524884,24,0.980913067,415362,30.9,2458,0.107524059,326,13.2628153,383100,28.5,355,142,2863,0.002129872,118380,16.4,4537,12.82321453,2114.2,-26.58568938,1663,-7.8,237000,142.5135298,1700,1.3223,earthquakes,3.140396444,77.28,289,6,0.446358164,2352,7.625737045,1601,5.190818456,48804,91.81450475,32.5,9,53.7,-10.8,22860,0.548813557
USA-3557,Maryland,MD,6045680,6212634,0.973126696,350,14,912898,15.1,32,0.9621167,6045680,622.8010857,66961,110.726924,34,0.562385042,28400,4.697569173,2192518,2.757414078,209119,39.3115557,1342141,22.2,931035,15.4,2992612,49.5,256,0.30747796,11.56103719,1912.280702,44.5,121,792.6,0.675027147,12400,0.002051051,2000000,32.19246458,74059,0.24677035,20731,0.106112317,43,0.003664168,7008,3.215490147,12400,0.613588005,1.6575,0.026524244,32.9,1.344668329,2394089,39.6,5335,0.165626649,300,5.623242737,2478729,41,140,1498,6743,0.001115342,57092,2.4,2699,21.75322498,2953.6,2.561965678,1920,6.5,319900,166.6145833,1700,1.3203,tornados,4.634426238,20.61,77,9,0.148866629,3148,32.42940112,2234,23.01374908,74149,139.4958141,44.2,-2.7,65.1,0.7,32211,0.773308551
USA-3513,Massachusetts,MA,6949503,4992038,1.392117408,500,20,1146668,16.5,47,1.4131088,6949503,890.955141,77804,128.6569435,93,1.338225194,19400,2.791566534,2601914,2.670919562,199210,32.7829195,1376002,19.8,1146668,16.5,1987558,28.6,125,0.150135723,12.67979495,1824.561404,47.7,130,47.3,0.040283603,7200,0.001036045,500000,10.0159494,59500,0.198258629,0,0,0,0,2668,1.224162059,7200,0.356276906,0.0175,0.000280045,29.7,1.21387992,2981337,42.9,5192,0.141382785,482,9.283513097,2084851,30,289,248,3094,0.000445212,115138,4.1,2754,26.09653578,2248.5,-21.92220347,1744,-3.3,464900,266.5711009,2550,2.4534,earthquakes,5.110054463,51.05,191,18,0.259011328,2765,35.44844811,1958,25.10237302,67846,127.6380397,37.6,3.9,58.6,-5.8,36723,0.881630807
USA-3562,Michigan,MI,9986857,36184896,0.275995183,900,36,669119,6.7,36,1.0823812,9986857,176.6369172,62200,102.8541191,85,0.851118625,56500,5.657435568,3909509,2.554504159,306986,36.8050335,2167148,21.7,1717739,17.2,2506701,25.1,702,0.843162219,24.35391444,2438.596491,32.8,89,4516.6,3.846615709,47000,0.004706185,9800000,27.0831233,718190,2.39306496,571790,2.926726248,0,0,1870,0.858014637,47000,2.325696472,0.71,0.011361818,24.5,1.001348755,2856241,28.6,11180,0.091612311,1175,10.509839,4294349,43,361,1128,32240,0.003228243,262870,5.8,40175,41.53979363,2471.2,-14.18908126,1530,-15.2,175000,114.379085,1150,0.9868,tornados,5.027035985,60.66,227,15,0.150197404,3135,5.544854958,2097,3.708950829,49087,92.34690998,36.7,4.8,56.5,-7.9,122036,2.929790517
USA-3514,Minnesota,MN,5639632,50961114,0.110665399,1200,48,473729,8.4,60,1.8039687,5639632,70.82585518,57346,94.82752919,48,0.851119364,16300,2.890259506,2167801,2.601545068,157821,32.2416618,1308395,23.2,896701,15.9,1156125,20.5,505,0.60654832,16.27578007,2885.964912,27.3,74,3255.7,2.772755339,68500,0.012146183,25500000,50.03815262,301353,1.004131643,218222,1.116976609,992,0.084531502,0,0,68500,3.3895789,39.47375,0.631681069,23.5,0.960477378,1996430,35.4,13329,0.095583332,709,5.319228749,2284051,40.5,1021,5862,49277,0.008737627,131443,5.6,7309,8.4074435,2526.6,-12.26534992,1828,1.4,275000,150.4376368,1600,1.2845,tornados,4.268438341,43.43,162,13,0.230511494,2817,3.537756259,1809,2.271849866,60828,114.4351425,32.5,9,53.4,-11,139449,3.347834719
USA-3544,Mississippi,MS,2976149,30030893,0.099102914,300,12,68451,2.3,68,2.0444979,2976149,63.42586483,42925,70.98091742,18,0.604808429,28700,9.64333439,1105576,2.69194429,89159,37.8668445,702371,23.6,473208,15.9,1294625,43.5,318,0.381945279,10.28598865,3456.140351,59,160,1407.8,1.198969489,34700,0.011659362,10400000,34.63100481,119300,0.397516882,0,0,0,0,108,0.049553787,34700,1.717056757,0,0,24.6,1.005435893,648800,21.8,17072,0.220440312,2008,11.76194939,1845212,62,959,5473,46452,0.01560809,29319,2.3,1509,3.114691018,3199.7,11.10763867,1879,4.2,189000,100.5854178,1150,0.7937,tornados,30.53706026,0.71,3,8,0.268803746,3580,7.629476752,2369,5.048667717,39464,74.24325087,52.3,-10.8,74.7,10.3,77445,1.859267975
USA-3531,Missouri,MO,6137428,43994573,0.139504207,800,32,251635,4.1,68,2.0444979,6137428,89.28269221,48293,79.8574594,73,1.189423322,44300,7.218007283,2396271,2.561241195,162616,33.0785222,1380921,22.5,1037225,16.9,1270448,20.7,183,0.219798698,15.23589582,2482.45614,42.2,115,3733.1,3.179338685,95000,0.015478797,27700000,62.96231128,83545,0.27837844,193,0.000987877,240,0.02045117,22,0.01009429,95000,4.700875847,301.98375,4.832513202,23.6,0.964564515,1755304,28.6,24487,0.18567778,3086,12.60260546,2945965,48,67,5091,101781,0.016583657,81382,3,965,1.385040432,3349.4,16.30588023,1650,-8.5,186000,112.7272727,1030,0.9146,tornados,10.76215405,12.67,47,14,0.228108582,3340,4.858781105,2095,3.047648627,47764,89.85796256,43.8,-2.3,65.5,1.1,131879,3.166097247
USA-3515,Montana,MT,1068778,93149312,0.011473815,3400,136,23513,2.2,60,1.8039687,1068778,7.343241784,51422,85.03158382,12,1.122777602,5700,5.33319361,423240,2.525229184,35449,31.5329259,230856,21.6,199861,18.7,150698,14.1,930,1.117009777,3.740723,3500,15.3,42,330.8,0.281729725,26900,0.025168931,58000000,62.2656236,1274133,4.245510292,1198502,6.134572592,0,0,1808,0.829567093,26900,1.331090108,37.330625,0.597385582,18,0.7356848,333459,31.2,5302,0.072071337,515,9.71331573,438199,41,1474,64835,87816,0.082164865,38626,8,1494,1.01599085,2796.6,-2.889763944,2040,13.1,319900,156.8137255,1300,1.0815,earthquakes,7.948103428,37.28,139,6,0.561388801,2921,2.006928403,2239,1.538347379,46766,87.98043458,31.1,10.5,57.3,-7.2,73566,1.766142525
USA-3532,Nebraska,NE,1934408,49167469,0.039343249,2600,104,135409,7,60,1.8039687,1934408,25.17967968,52338,86.54628435,24,1.240689658,8800,4.549195413,754063,2.565313508,51936,31.6511162,477799,24.7,303702,15.7,413963,21.4,444,0.533282087,7.754600491,4008.77193,23.6,64,2660.8,2.266101731,45900,0.02372819,45000000,91.52393018,66569,0.221813087,0,0,6273,0.534542452,0,0,45900,2.271265278,0,0,18.6,0.760207627,605470,31.3,15330,0.161092021,2258,14.72928898,880156,45.5,15,9478,81326,0.042041803,13545,1.7,524,0.676993955,2803.9,-2.636275878,1714,-5,200000,116.6861144,1200,1.0621,tornados,7.430611575,28.12,105,8,0.413563219,2587,3.367429794,1561,2.031912605,52400,98.57962562,37.8,3.7,61.9,-2.5,95163,2.284634493
USA-3523,Nevada,NV,3080156,70259955,0.043839425,5500,220,597550,19.4,67,2.0144317,3080156,28.05723175,57376,94.87713728,10,0.324658881,20200,6.558109394,1075930,2.862784754,82508,36.3221751,699195,22.7,483584,15.7,1580120,51.3,100,0.120108578,6.430501123,2087.719298,9.5,26,0,0,3400,0.00110384,6100000,8.682043705,801172,2.66956744,188166,0.963133967,22650,1.930079155,0,0,3400,0.168241872,4.025,0.064410306,24.3,0.99317448,745398,24.2,1944,0.04030352,31,1.594650206,1216662,39.5,562,82282,21088,0.006846406,32867,2.8,791,0.715046566,3261,13.23624393,1712,-5.1,324000,189.2523364,1550,1.0006,earthquakes,30.35507864,18.83,70,6,0.194795329,3872,3.527016207,2875,2.61884597,52205,98.21277396,42.8,-1.3,71.6,7.2,48234,1.1579822
USA-3538,New Hampshire,NH,1359711,5729696,0.237309449,1000,40,81583,6,46,1.3830427,1359711,151.8780473,57253,94.67374409,18,1.323810722,4500,3.309526804,528078,2.574829855,38525,29.2658655,258345,19,246108,18.1,135971,10,164,0.196978068,2.802913026,2061.403509,43.4,118,0,0,4100,0.003015347,430000,7.50476116,21190,0.070606729,0,0,0,0,191,0.087636789,4100,0.202879905,2.51,0.040166427,27.3,1.115788613,496295,36.5,2479,0.153441446,270,10.8914885,394316,29,16,25,1644,0.00120908,63934,10.4,397,4.241129684,2158.8,-25.03698148,1768,-2,314900,178.1108597,1750,1.3889,earthquakes,5.971267631,71.44,267,4,0.29418016,2327,25.99230395,1631,18.21806951,65986,124.1388392,33.2,8.3,55.7,-8.7,16156,0.387866659
USA-3558,New Jersey,NJ,8882190,4706701,1.887137084,250,10,1971846,22.2,50,1.5033073,8882190,1207.767734,69623,115.1288157,46,0.517890295,32000,3.602715096,3213362,2.764142353,252944,31.9338255,1945200,21.9,1430033,16.1,4005868,45.1,404,0.485238656,18.69934737,2105.263158,47.1,128,0,0,9900,0.00111459,750000,15.93472795,99597,0.331864953,0,0,28,0.00238597,1783,0.818096309,9900,0.489880746,0.59125,0.009461514,31.7,1.295622675,3455172,38.9,6737,0.173205471,596,8.846667656,3908164,44,727,11346,5296,0.000596249,135035,3.8,1368,15.68755977,1995.3,-30.71441965,1740,-3.5,340000,195.4022989,2000,1.4781,earthquakes,5.616522071,23.73,89,13,0.146360301,3022,41.09205152,2074,28.201494,72062,135.5695607,41.5,0.1,62.4,-2,38896,0.933799305
USA-3524,New Mexico,NM,2096829,77630816,0.027010266,5700,228,201296,9.6,79,2.3752255,2096829,17.28657032,47500,78.54615207,11,0.524601672,14700,7.010585985,775651,2.703315022,59044,39.008212,482271,23,366945,17.5,1318905,62.9,2805,3.369045617,6.014588447,2868.421053,14.6,40,0,0,24700,0.011779692,40500000,52.17000424,483504,1.611072948,193111,0.988445115,159948,13.62968215,40679,18.66480075,24700,1.22222772,377.49375,6.040866539,22.1,0.903257449,568241,27.1,3999,0.051797163,251,6.276569142,954057,45.5,859,79887,52748,0.025156081,36957,4.1,292,0.240274101,4139.7,43.74856762,1838,1.9,235000,127.8563656,1250,0.8681,volcanos,12.72625009,22.74,85,10,0.476910611,4583,3.778293403,3305,2.724691184,44968,84.59787414,37.5,4,68.7,4.2,77205,1.853506153
USA-3559,New York,NY,19453561,30160896,0.644992808,1000,40,4396505,22.6,93,2.7961515,19453561,412.7953971,79637,131.6879981,225,1.156600583,74400,3.824492595,7316537,2.658848168,725709,36.1231127,4046341,20.8,3190384,16.4,8676288,44.6,905,1.086982632,32.08131112,1649.122807,41.8,114,1674.3,1.42593736,33400,0.001716909,6900000,22.87730444,97419,0.324607688,0,0,77,0.006561417,5224,2.396935007,33400,1.652728982,39.9475,0.639262282,33.3,1.36101688,6983828,35.9,17456,0.153717451,1837,10.5236022,7489621,38.5,79,221,18301,0.000940753,291892,3.6,7429,13.61666957,2100,-27.07877576,1764,-2.2,429000,243.1972789,3200,2.43,earthquakes,4.225342891,55.32,207,24,0.123370729,3333,7.072468935,2215,4.70012562,58687,110.4072994,38.3,3.2,58,-6.4,113559,2.726278158
USA-3549,North Carolina,NC,10488084,31115462,0.337069846,700,28,828559,7.9,58,1.7438364,10488084,215.7247018,49837,82.41062275,56,0.533939278,54100,5.158234812,3918597,2.67648957,287058,35.6157993,2328355,22.2,1709558,16.3,3901567,37.2,661,0.793917702,22.44817979,2140.350877,50.3,137,3791.3,3.228905402,46400,0.004424068,8400000,26.99622458,410458,1.367677992,264488,1.353790678,0,0,781,0.358347289,46400,2.29600673,2.6325,0.04212674,24.5,1.001348755,3198866,30.5,18183,0.169974293,1854,10.19633724,5506244,52.5,3872,14548,38423,0.003663491,190411,4.4,5201,9.664309254,3202.6,11.20833941,1800,-0.2,274500,152.5,1400,0.8778,tornados,4.352800848,5.03,19,20,0.190692599,4131,8.496868856,2771,5.699545776,46693,87.84310037,47.2,-5.7,70.2,5.7,106975,2.568212171
USA-3516,North Dakota,ND,762062,44160512,0.017256639,1900,76,29720,3.9,56,1.6837041,762062,11.04424876,51618,85.35569005,14,1.837120864,3100,4.067910485,314903,2.419989648,20316,29.7583126,179085,23.5,116595,15.3,121930,16,3691,4.43320762,5.588454667,7333.333333,17.8,48,0,0,26100,0.034249182,39300000,88.99353341,72568,0.241802222,70447,0.360585327,0,0,2121,0.973181307,26100,1.291503785,0.115,0.001840294,17.1,0.69890056,224808,29.5,4377,0.04991561,614,14.02787297,320066,42,488,4454,49321,0.064720456,11430,3.6,1698,2.401075443,2375.4,-17.51567806,1788,-0.9,215000,120.246085,1300,0.937,tornados,2.743608924,37,138,4,0.524891675,1889,2.737649419,1201,1.74055953,55579,104.5602483,29.4,12.1,52.1,-12.3,87688,2.105177741
USA-3550,Ohio,OH,11689100,26150842,0.44698752,850,34,526010,4.5,54,1.6235719,11689100,286.0720125,57000,94.25538248,111,0.949602621,71000,6.074034785,4654075,2.511583935,306824,33.9101738,2594980,22.2,1998836,17.1,2489778,21.3,2670,3.206899037,31.99122105,2736.842105,39.1,106,10705.4,9.117380288,77800,0.006655773,13900000,53.15316425,34555,0.115139949,32572,0.166720872,60,0.005112792,1898,0.870861915,77800,3.849769904,3.74,0.059849576,23.5,0.960477378,3249570,27.8,27345,0.222340573,1653,6.044980801,5552323,47.5,498,1038,47896,0.004097493,56403,1.1,3965,8.845130011,3084,7.09002646,1620,-10.2,169900,104.8765432,1100,0.9028,tornados,6.05286598,26.63,100,18,0.153989614,3152,7.71401548,2062,5.046414949,48849,91.89916283,40.8,0.7,60.9,-3.5,122987,2.952621737
USA-3533,Oklahoma,OK,3956971,43900749,0.090134476,1300,52,237418,6,167,5.0210463,3956971,57.68606454,45245,74.81727685,33,0.833971237,39000,9.856023711,1474620,2.683383516,105168,32.1389608,961544,24.3,621244,15.7,1373069,34.7,4160,4.996516851,14.50889367,3666.666667,36.5,99,705.5,0.600847403,77300,0.019535144,34200000,77.90299888,10240,0.034120477,0,0,0,0,342,0.156920324,77300,3.825028453,43.45,0.69531125,21.7,0.886908898,997157,25.2,23071,0.204412351,3234,14.01759785,2136764,54,1104,67142,175198,0.044275786,34952,2.1,1304,1.865480793,3396.7,17.94834399,1746,-3.2,195000,111.6838488,1000,0.8095,tornados,51.07155202,5.88,22,5,0.126359278,3616,5.271527372,2355,3.433198828,46235,86.98146929,48.2,-6.7,72,7.6,112865,2.709616889
USA-3525,Oregon,OR,4217737,61432326,0.068656639,3300,132,417556,9.9,73,2.1948286,4217737,43.94024866,61631,101.9132189,34,0.80611949,20700,4.907845131,1591835,2.6496069,123015,36.2549918,877289,20.8,742322,17.6,1041781,24.7,495,0.594537462,9.212425553,2184.210526,27.4,74,703.1,0.598803415,37200,0.008819896,16000000,26.04491974,203385,0.677694645,183224,0.937838175,18616,1.586329075,1545,0.708894446,37200,1.840764016,5.62875,0.090074412,23.7,0.968651653,1387635,32.9,8147,0.102768843,444,5.449858844,1560563,37,2293,79732,51727,0.01226416,55294,3.3,2391,2.429920446,3111.3,8.038002375,1780,-1.3,378900,212.8651685,1850,1.2702,volcanos,53.11193136,10.91,41,13,0.308222158,4136,4.308871521,3161,3.293119652,50521,95.04468065,40.1,1.4,62.4,-2.1,79275,1.903201869
USA-3560,Pennsylvania,PA,12801989,28635328,0.447069752,1100,44,870535,6.8,59,1.7739026,12801989,286.1246416,65863,108.9112677,157,1.226371933,82400,6.436499828,5025132,2.547592581,304803,31.2473282,2650012,20.7,2329962,18.2,3059675,23.9,8168,9.810468664,33.46484844,2614.035088,42.9,116,8941.5,7.61513403,53000,0.004139982,7300000,25.49298545,116510,0.388220385,0,0,0,0,7325,3.360939687,53000,2.622593894,30.9825,0.495799328,26.9,1.099440062,3943013,30.8,22779,0.189004406,4173,18.31950481,5632875,44,547,691,27713,0.002164742,161452,2.9,1312,2.848026918,2245.8,-22.01595933,1700,-5.7,210000,123.5294118,1350,1.0776,tornados,4.047273457,35.84,134,23,0.179659583,3135,7.006729589,2202,4.921473224,53115,99.92474838,39.3,2.2,60.3,-4.1,120521,2.893419015
USA-3539,Rhode Island,RI,1059361,661638,1.601118739,200,8,144073,13.6,22,0.6614552,1059361,1024.715993,66477,109.92658,12,1.132758333,3100,2.926292359,410885,2.578242087,30484,32.2098011,205516,19.4,182210,17.2,296621,28,6,0.007206515,1.616919421,1526.315789,47.9,130,0,0,1100,0.001038362,60000,9.068402964,331,0.001102918,0,0,0,0,174,0.079836656,1100,0.054431194,0,0,24.8,1.013610169,352767,33.3,778,0.129085781,181,23.26478149,444932,42,45,33,505,0.000476702,17145,3.7,511,33.08154722,2392.8,-16.91147363,1688,-6.4,315000,186.6113744,2200,1.5556,earthquakes,4.734861381,38.85,145,4,0.377586111,2078,201.0041745,1392,134.6476472,56423,106.1480576,39,2.5,59.6,-4.9,6027,0.144693758
USA-3545,South Carolina,SC,5148714,19238848,0.267620702,350,14,252287,4.9,28,0.8418521,5148714,171.277249,48598,80.36180838,35,0.679781398,32100,6.234566534,1894711,2.717413896,131856,35.8571328,1122420,21.8,911322,17.7,1868983,36.3,699,0.839558961,14.76867963,2868.421053,49.8,135,1063.5,0.90574233,24600,0.004777892,4800000,24.94951881,32564,0.108505782,26476,0.135518292,0,0,1301,0.596939595,24600,1.21727943,0.03,0.000480077,24.6,1.005435893,1410748,27.4,9341,0.120740913,926,9.913285515,2909023,56.5,992,5939,17371,0.003373852,113297,5.3,1960,6.120424766,3958,37.4391455,1846,2.3,246900,133.7486457,1350,0.9434,tornados,6.19240732,1.5,6,11,0.213645582,3701,12.31175588,2582,8.589287675,45033,84.72015803,49.8,-8.3,73.6,9.2,77364,1.85732336
USA-3534,South Dakota,SD,884659,48519040,0.018233234,2200,88,30963,3.5,59,1.7739026,884659,11.66926963,42668,70.5559414,14,1.58253067,5800,6.55619849,341565,2.590016542,23722,29.1733281,218511,24.7,146853,16.6,164547,18.6,234,0.281054073,3.4222335,3868.421053,20.1,55,854,0.727319182,29600,0.03345922,43200000,89.03721096,296584,0.988240964,276727,1.416436409,1274,0.108561627,44,0.02018858,29600,1.464693948,473.7875,7.58181309,17,0.694813422,252128,28.5,5818,0.070449482,1081,18.58026813,406943,46,346,2261,80064,0.090502668,13447,3.7,1305,1.691847884,2190.4,-23.93969068,1984,10,221900,111.8447581,1200,0.8684,tornados,3.760252808,37.43,140,8,0.90430324,2406,3.17368192,1504,1.983880967,50338,94.70040448,33.8,7.7,57.3,-7.2,82584,1.982642991
USA-3551,Tennessee,TN,6833174,26390336,0.258927132,900,36,341659,5,68,2.0444979,6833174,165.7133642,48456,80.12699673,57,0.834165792,48400,7.083091986,2567061,2.661866625,195694,35.5514458,1516965,22.2,1120641,16.4,1797125,26.3,525,0.630570035,19.36065967,2833.333333,54.2,147,344.6,0.293482658,70000,0.010244141,10900000,41.30299819,389245,1.296994626,257939,1.320269403,0,0,8457,3.880336782,70000,3.463803256,827.7975,13.2468795,25,1.021784444,1817624,26.6,20169,0.210124393,953,4.725073132,4134070,60.5,571,5478,47167,0.006902649,61867,2.2,909,2.157708347,3669,27.40379607,1848,2.5,257900,139.5562771,1370,0.9,tornados,7.613144141,4.61,17,12,0.175613851,3772,9.147590997,2407,5.837288316,44621,83.94506632,46.9,-5.4,69.3,4.9,95986,2.304392741
USA-3536,Texas,TX,28995881,167188294,0.173432483,1700,68,4929300,17,254,7.636801,28995881,110.9967893,52575,86.93818831,299,1.031180946,218500,7.535553067,9553046,3.035249804,866678,36.7743178,7480937,25.8,3653481,12.6,16962590,58.50000002,17573,21.10668044,120.0531213,4140.350877,28.9,78,6057.9,5.159282049,247000,0.008518451,127000000,75.96225607,1260150,4.198917848,887530,4.542852004,1478,0.125945121,3042,1.395764987,247000,12.2222772,130.675,2.091134582,26.4,1.079004373,8495793,29.3,53869,0.171383213,847,1.572332882,15222838,52.5,6892,215493,432695,0.014922637,209526,2.1,7365,2.741938601,3425.3,18.94146162,2031,12.6,274500,135.155096,1550,0.9667,tornados,8.016991388,1.36,5,43,0.148296925,6273,2.401316446,4509,1.726053859,52576,98.91073276,54.2,-12.7,77.7,13.3,314319,7.54604236
USA-3526,Utah,UT,3205958,52588557,0.060963034,6100,244,269300,8.4,31,0.9320505,3205958,39.0163419,47244,78.12282965,18,0.561454642,11700,3.649455171,957619,3.347842931,76269,30.3354162,945758,29.5,355861,11.1,705311,22,913,1.096591319,7.508691105,2342.105263,12.2,33,1449.7,1.234654119,18100,0.005645738,10700000,20.34663168,2117689,7.056304518,839259,4.295775275,68521,5.838894205,2735,1.25490376,18100,0.895640556,24.31625,0.38912226,21.7,0.886908898,1067584,33.3,3051,0.061898965,87,2.85152409,1827396,57,1025,92380,59788,0.018649028,48006,4.9,2727,3.212438419,3094.1,7.440742824,2305,27.8,370000,160.5206074,1550,1.089,earthquakes,36.53161401,40.99,153,7,0.218343472,3892,4.736543731,2966,3.609606554,59846,112.5877152,36.3,5.2,62.9,-1.6,49290,1.183334218
USA-3540,Vermont,VT,623989,5898662,0.105784837,1000,40,28703,4.6,43,1.2928443,623989,67.70229588,60187,99.52541588,22,3.525703177,1700,2.724407001,259589,2.403757478,23417,30.8821396,115438,18.5,121054,19.4,46799,7.5,38,0.04564126,1.182294947,1894.736842,42.7,116,58.3,0.049651883,6800,0.010897628,1200000,20.34359656,23237,0.077427492,0,0,0,0,643,0.295028562,6800,0.336483745,3.6925,0.059089454,22.9,0.935954551,232748,37.3,2772,0.194458085,145,5.230880231,168477,27,19,22,2054,0.003291725,50316,15.6,400,4.156558306,1623.7,-43.6180039,1815,0.6,269000,148.2093664,950,1.45,earthquakes,3.006808011,89.25,334,4,0.641036941,2274,24.67271391,1622,17.59856727,54447,102.4306274,33,8.5,54.5,-9.9,14255,0.342228226
USA-3552,Virginia,VA,8535519,25273658,0.337723926,950,38,1049869,12.3,64,1.9242333,8535519,216.1433125,51049,84.41478983,58,0.679513454,57500,6.736555797,3128415,2.728384501,236290,36.1746069,1877814,22,1314470,15.4,3286175,38.5,923,1.108602176,20.36544884,2385.964912,44.3,120,741.2,0.63125173,42500,0.004979193,7800000,30.86217278,371636,1.238320068,215305,1.102045847,1259,0.107283429,24200,11.10371883,42500,2.103023405,447.2625,7.157345175,28.4,1.160747129,3260568,38.2,13932,0.185172386,825,5.921619294,4438470,52,364,2643,21492,0.002517949,80759,2.4,3285,7.679357867,2126.5,-26.15857936,1896,5.1,300000,158.2278481,1650,1.1364,earthquakes,3.75610864,14.85,56,17,0.199167737,3803,9.630264048,2580,6.533284576,64792,121.8925783,44.3,-2.8,66.8,2.4,75238,1.806283219
USA-3519,Washington,WA,7614893,42531533,0.179041113,1700,68,1066085,14,132,3.9687312,7614893,114.5863122,54147,89.53765254,68,0.89298694,30400,3.992176909,2800423,2.71919385,187677,34.6573177,1682891,22.1,1172694,15.4,2436766,32,1027,1.233515098,18.83684058,2473.684211,38.4,104,2079.1,1.770690059,35700,0.004688181,14700000,34.56259148,1967552,6.556036352,1663812,8.516277397,0,0,24384,11.1881438,35700,1.766539661,19.61125,0.313830213,27.6,1.128050027,2688057,35.3,8233,0.102363575,399,4.846350055,2893659,38,1394,169742,49238,0.006466013,89456,3.1,4842,6.791822175,3991.3,38.59546777,1903,5.5,415000,218.076721,2000,1.3848,earthquakes,30.94052708,15.57,59,16,0.210114574,3375,5.07858487,2476,3.725800337,60294,113.4305333,40.8,0.7,60.1,-4.3,80429,1.93090663
USA-3554,West Virginia,WV,1792065,15384454,0.116485447,1500,60,28673,1.6,67,2.0144317,1792065,74.55068604,45701,75.57131991,24,1.339237137,10100,5.635956285,734676,2.439258939,39065,34.1372832,361997,20.2,356621,19.9,141573,7.9,4418,5.306396983,6.539465263,3649.122807,45.2,123,306.2,0.260778845,23400,0.013057562,3600000,23.40024547,92697,0.308873616,0,0,0,0,15174,6.962307004,23400,1.157899946,764.2425,12.22983677,25.8,1.054481547,363789,20.3,7228,0.186029752,1372,18.98173769,1021477,57,593,7653,9134,0.005096913,37922,4.3,192,0.791703212,2336.7,-18.85951205,1714,-5,165000,96.26604434,950,0.7813,tornados,2.393575019,25.13,94,3,0.167404642,2873,11.95180537,1897,7.891602783,41576,78.21653654,41.6,-0.1,64.5,0.1,38854,0.932790986
USA-3553,Wisconsin,WI,5822434,34660992,0.167982324,1050,42,291122,5,46,1.3830427,5822434,107.5086876,54998,90.94486887,52,0.893097285,35600,6.114281416,2343129,2.484896905,133859,30.9157467,1280935,22,989814,17,1100440,18.9,316,0.379543107,15.93508253,2736.842105,32.6,89,2163.1,1.842229651,64800,0.011129366,14300000,41.25675341,133757,0.445688731,0,0,0,0,0,0,64800,3.206492157,4.9,0.078412546,22,0.899170311,1717618,29.5,14253,0.123352402,1245,8.735003157,2125188,36.5,710,1198,35818,0.006151723,194202,7.4,11339,17.31174068,2378.6,-17.40456001,1669,-7.5,210900,126.3630917,1200,0.9746,tornados,5.164531828,45.79,171,25,0.429373695,2869,5.297482542,1890,3.489802023,52738,99.21550183,34.4,7.1,55,-9.5,115547,2.774005251
USA-3527,Wyoming,WY,578759,62139610,0.00931385,6700,268,20257,3.5,30,0.9019844,578759,5.960863932,58650,96.98382776,9,1.555051412,3900,6.738556117,230630,2.509469713,19344,30.9865923,134851,23.3,95495,16.5,93759,16.2,7788,9.354056067,4.4929975,7763.157895,12.9,35,2.6,0.002214321,11900,0.020561235,29000000,46.66910526,2396430,7.985091218,2313908,11.84381553,9545,0.813360068,873,0.400559774,11900,0.588846554,31.758125,0.508211314,17.8,0.727510524,155686,26.9,3127,0.102760434,310,9.913655261,263335,45.5,486,41857,57916,0.100069286,14926,5.7,720,0.735965487,2160.2,-24.98836733,2052,13.8,259900,126.6569201,1100,1.0033,volcanos,5.020243191,51,191,1,0.17278349,3184,3.279325377,2286,2.354440268,58252,109.588938,29.2,12.3,57.6,-6.8,30430,0.730551029
